Parameter,Mean,StdDev
RR,20.07328408143529,6.37614063643234
SpO2,96.07418873676362,4.5158703501994255
HR,86.446392062794,18.010956466992837
